{ "G": 39.47841760435743, "M0": 1.0, "AU": 1.0, "degToRad": 0.017453292519943295 }

